Workbook

Sheet Price
A1: Date | B1: SPY | C1: QQQ | D1: IWM | E1: TLT | F1: SHY | G1: GLD | H1: VXUS | I1: EFA
A2: 44927 | B2: 406.48 | C2: 320.93 | D2: 191.48 | E2: 107.17 | F2: 81.8 | G2: 179.41 | H2: 56.21 | I2: 71.55
A3: 44958 | B3: 396.26 | C3: 322.56 | D3: 188.18 | E3: 101.71 | F3: 80.99 | G3: 169.78 | H3: 53.81 | I3: 69.35
A4: 44986 | B4: 409.39 | C4: 347.99 | D4: 178.4 | E4: 106.37 | F4: 82.16 | G4: 183.22 | H4: 55.21 | I4: 71.52
A5: 45017 | B5: 415.93 | C5: 369.42 | D5: 175.2 | E5: 106.46 | F5: 82.18 | G5: 184.8 | H5: 56.25 | I5: 73.62
A6: 45047 | B6: 417.85 | C6: 383.68 | D6: 173.77 | E6: 102.99 | F6: 81.68 | G6: 182.32 | H6: 54.28 | I6: 70.67
A7: 45078 | B7: 443.28 | C7: 377.99 | D7: 187.27 | E7: 102.94 | F7: 81.08 | G7: 178.27 | H7: 56.08 | I7: 72.5
A8: 45108 | B8: 457.79 | C8: 358.27 | D8: 198.71 | E8: 100.05 | F8: 81.12 | G8: 182.35 | H8: 58.26 | I8: 74.46
A9: 45139 | B9: 450.35 | C9: 350.87 | D9: 188.61 | E9: 96.64 | F9: 81.24 | G9: 180.02 | H9: 55.7 | I9: 71.53
A10: 45170 | B10: 427.48 | C10: 388.83 | D10: 176.74 | E10: 88.69 | F10: 80.97 | G10: 171.45 | H10: 53.52 | I10: 68.92
A11: 45200 | B11: 418.2 | C11: 389.94 | D11: 164.52 | E11: 83.58 | F11: 81.03 | G11: 184.09 | H11: 51.72 | I11: 66.92
A12: 45231 | B12: 456.4 | C12: 409.52 | D12: 179.66 | E12: 91.56 | F12: 81.65 | G12: 188.75 | H12: 55.98 | I12: 72.42
A13: 45261 | B13: 475.31 | C13: 416.97 | D13: 200.71 | E13: 98.88 | F13: 82.04 | G13: 191.17 | H13: 57.96 | I13: 75.35
... A37: 45992 | B37: 683.89 | C37: 623.52 | D37: 249.63 | E37: 89.06 | F37: 82.86 | G37: 386.88 | H37: 75.07 | I37: 95.55

Sheet Returns
A1: Date | B1: SPY | C1: QQQ | D1: IWM | E1: TLT | F1: SHY | G1: GLD | H1: VXUS | I1: EFA | J1: Portfolio Return | L1: ETF | M1: Avg Return | N1: Std Dev | O1: Worst | P1: Best | R1: Covariance Matrix | S1: SPY | T1: QQQ | U1: IWM | V1: TLT | W1: SHY | X1: GLD | Y1: VXUS | Z1: EFA
A2: 44927 | B2: No value in B because returns start at the second month. | L2: SPY | M2: =AVERAGE(B$2:B$37) -> 0.015533413 | N2: =_xlfn.STDEV.S(B$2:B$37) -> 0.034051553 | O2: =MIN(B$2:B$37) -> -0.058551281 | P2: =MAX(B$2:B$37) -> 0.091343855 | R2: SPY | S2: =_xlfn.COVARIANCE.P($B$3:$B$37,$B$3:$B$37) -> 0.0011263794 | T2: =_xlfn.COVARIANCE.P($B$3:$B$37,$C$3:$C$37) -> 0.00027245168 | U2: =_xlfn.COVARIANCE.P($B$3:$B$37,$D$3:$D$37) -> 0.0014802405 | V2: =_xlfn.COVARIANCE.P($B$3:$B$37,$E$3:$E37) -> 0.00085227167 | W2: =_xlfn.COVARIANCE.P($B$3:$B$37,$F$3:$F$37) -> 4.5003576e-05 | X2: =_xlfn.COVARIANCE.P($B$3:$B$37,$G$3:$G$37) -> -4.0390521e-05 | Y2: =_xlfn.COVARIANCE.P($B$3:$B$37,$H$3:$H$37) -> 0.00077961173 | Z2: =_xlfn.COVARIANCE.P($B$3:$B$37,$I$3:$I$37) -> 0.00071944171
A3: 44958 | B3: =(Price!B3/Price!B2)-1 -> -0.025142688 | C3: =(Price!C3/Price!C2)-1 -> 0.0050789892 | D3: =(Price!D3/Price!D2)-1 -> -0.017234176 | E3: =(Price!E3/Price!E2)-1 -> -0.050947093 | F3: =(Price!F3/Price!F2)-1 -> -0.0099022005 | G3: =(Price!G3/Price!G2)-1 -> -0.053675938 | H3: =(Price!H3/Price!H2)-1 -> -0.042697029 | I3: =(Price!I3/Price!I2)-1 -> -0.030747729 | J3: =SUMPRODUCT('Model 5'!$B$4:$I$4,B3:I3) -> -0.013332437 | L3: QQQ | M3: =AVERAGE(C$2:C$37) -> 0.019973903 | N3: =_xlfn.STDEV.S(C$2:C$37) -> 0.041330574 | O3: =MIN(C$2:C$37) -> -0.077237932 | P3: =MAX(C$2:C$37) -> 0.10818822 | R3: QQQ | S3: =_xlfn.COVARIANCE.P($C$3:$C$37,$B$3:$B$37) -> 0.00027245168 | T3: =_xlfn.COVARIANCE.P($C$3:$C$37,$C$3:$C$37) -> 0.0016594101 | U3: =_xlfn.COVARIANCE.P($C$3:$C$37,$D$3:$D$37) -> 4.9688168e-05 | V3: =_xlfn.COVARIANCE.P($C$3:$C$37,$E$3:$E37) -> -5.2312369e-05 | W3: =_xlfn.COVARIANCE.P($C$3:$C$37,$F$3:$F37) -> -5.9739929e-06 | X3: =_xlfn.COVARIANCE.P($C$3:$C$37,$G$3:$G$37) -> -0.00031558399 | Y3: =_xlfn.COVARIANCE.P($C$3:$C$37,$H$3:$H37) -> 5.9631352e-05 | Z3: =_xlfn.COVARIANCE.P($C$3:$C$37,$I$3:$I37) -> 6.2435881e-05
A4: 44986 | B4: =(Price!B4/Price!B3)-1 -> 0.03313481 | C4: =(Price!C4/Price!C3)-1 -> 0.078838046 | D4: =(Price!D4/Price!D3)-1 -> -0.051971517 | E4: =(Price!E4/Price!E3)-1 -> 0.045816537 | F4: =(Price!F4/Price!F3)-1 -> 0.014446228 | G4: =(Price!G4/Price!G3)-1 -> 0.079161268 | H4: =(Price!H4/Price!H3)-1 -> 0.026017469 | I4: =(Price!I4/Price!I3)-1 -> 0.031290555 | J4: =SUMPRODUCT('Model 5'!$B$4:$I$4,B4:I4) -> 0.047113155 | L4: IWM | M4: =AVERAGE(D$2:D$37) -> 0.009139896 | N4: =_xlfn.STDEV.S(D$2:D$37) -> 0.056590919 | O4: =MIN(D$2:D$37) -> -0.0864514 | P4: =MAX(D$2:D$37) -> 0.11716576 | R4: IWM | S4: =_xlfn.COVARIANCE.P($D$3:$D$37,$B$3:$B$37) -> 0.0014802405 | T4: =_xlfn.COVARIANCE.P($D$3:$D$37,$C$3:$C$37) -> 4.9688168e-05 | U4: =_xlfn.COVARIANCE.P($D$3:$D$37,$D$3:$D$37) -> 0.0031110312 | V4: =_xlfn.COVARIANCE.P($D$3:$D$37,$E$3:$E$37) -> 0.001238448 | W4: =_xlfn.COVARIANCE.P($D$3:$D$37,$F$3:$F$37) -> 4.1054436e-05 | X4: =_xlfn.COVARIANCE.P($D$3:$D$37,$G$3:$G$37) -> -7.3182754e-05 | Y4: =_xlfn.COVARIANCE.P($D$3:$D$37,$H$3:$H$37) -> 0.001182007 | Z4: =_xlfn.COVARIANCE.P($D$3:$D$37,$I$3:$I$37) -> 0.0010830808
A5: 45017 | B5: =(Price!B5/Price!B4)-1 -> 0.015974987 | C5: =(Price!C5/Price!C4)-1 -> 0.061582229 | D5: =(Price!D5/Price!D4)-1 -> -0.01793722 | E5: =(Price!E5/Price!E4)-1 -> 0.00084610322 | F5: =(Price!F5/Price!F4)-1 -> 0.00024342746 | G5: =(Price!G5/Price!G4)-1 -> 0.0086235127 | H5: =(Price!H5/Price!H4)-1 -> 0.018837167 | I5: =(Price!I5/Price!I4)-1 -> 0.029362416 | J5: =SUMPRODUCT('Model 5'!$B$4:$I$4,B5:I5) -> 0.025394792 | L5: TLT | M5: =AVERAGE(E$2:E$37) -> -0.0044725751 | N5: =_xlfn.STDEV.S(E$2:E$37) -> 0.040650619 | O5: =MIN(E$2:E$37) -> -0.082264073 | P5: =MAX(E$2:E$37) -> 0.095477387 | R5: TLT | S5: =_xlfn.COVARIANCE.P($E$3:$E$37,$B$3:$B$37) -> 0.00085227167 | T5: =_xlfn.COVARIANCE.P($E$3:$E$37,$C$3:$C$37) -> -5.2312369e-05 | U5: =_xlfn.COVARIANCE.P($E$3:$E$37,$D$3:$D$37) -> 0.001238448 | V5: =_xlfn.COVARIANCE.P($E$3:$E$37,$E$3:$E$37) -> 0.0016052593 | W5: =_xlfn.COVARIANCE.P($E$3:$E$37,$F$3:$F$37) -> 0.00014871744 | X5: =_xlfn.COVARIANCE.P($E$3:$E$37,$G$3:$G$37) -> 0.00046758979 | Y5: =_xlfn.COVARIANCE.P($E$3:$E$37,$H$3:$H$37) -> 0.00092454388 | Z5: =_xlfn.COVARIANCE.P($E$3:$E$37,$I$3:$I$37) -> 0.00092891054
A6: 45047 | B6: =(Price!B6/Price!B5)-1 -> 0.0046161614 | C6: =(Price!C6/Price!C5)-1 -> 0.03860105 | D6: =(Price!D6/Price!D5)-1 -> -0.0081621005 | E6: =(Price!E6/Price!E5)-1 -> -0.032594402 | F6: =(Price!F6/Price!F5)-1 -> -0.0060842054 | G6: =(Price!G6/Price!G5)-1 -> -0.013419913 | H6: =(Price!H6/Price!H5)-1 -> -0.035022222 | I6: =(Price!I6/Price!I5)-1 -> -0.040070633 | J6: =SUMPRODUCT('Model 5'!$B$4:$I$4,B6:I6) -> 0.0045475572 | L6: SHY | M6: =AVERAGE(F$2:F$37) -> 0.0003822344 | N6: =_xlfn.STDEV.S(F$2:F$37) -> 0.0054280514 | O6: =MIN(F$2:F$37) -> -0.0099022005 | P6: =MAX(F$2:F$37) -> 0.014446228 | R6: SHY | S6: =_xlfn.COVARIANCE.P($F$3:$F$37,$B$3:$B$37) -> 4.5003576e-05 | T6: =_xlfn.COVARIANCE.P($F$3:$F$37,$C$3:$C$37) -> -5.9739929e-06 | U6: =_xlfn.COVARIANCE.P($F$3:$F$37,$D$3:$D$37) -> 4.1054436e-05 | V6: =_xlfn.COVARIANCE.P($F$3:$F$37,$E$3:$E$37) -> 0.00014871744 | W6: =_xlfn.COVARIANCE.P($F$3:$F$37,$F$3:$F$37) -> 2.8621921e-05 | X6: =_xlfn.COVARIANCE.P($F$3:$F$37,$G$3:$G$37) -> 9.7190678e-05 | Y6: =_xlfn.COVARIANCE.P($F$3:$F$37,$H$3:$H$37) -> 8.7197036e-05 | Z6: =_xlfn.COVARIANCE.P($F$3:$F$37,$I$3:$I$37) -> 9.76135e-05
A7: 45078 | B7: =(Price!B7/Price!B6)-1 -> 0.06085916 | C7: =(Price!C7/Price!C6)-1 -> -0.014830067 | D7: =(Price!D7/Price!D6)-1 -> 0.077688899 | E7: =(Price!E7/Price!E6)-1 -> -0.00048548403 | F7: =(Price!F7/Price!F6)-1 -> -0.0073457395 | G7: =(Price!G7/Price!G6)-1 -> -0.02221369 | H7: =(Price!H7/Price!H6)-1 -> 0.033161385 | I7: =(Price!I7/Price!I6)-1 -> 0.025895005 | J7: =SUMPRODUCT('Model 5'!$B$4:$I$4,B7:I7) -> -0.0079434959 | L7: GLD | M7: =AVERAGE(G$2:G$37) -> 0.022972145 | N7: =_xlfn.STDEV.S(G$2:G$37) -> 0.040500476 | O7: =MIN(G$2:G$37) -> -0.053675938 | P7: =MAX(G$2:G$37) -> 0.11758418 | R7: GLD | S7: =_xlfn.COVARIANCE.P($G$3:$G$37,$B$3:$B$37) -> -4.0390521e-05 | T7: =_xlfn.COVARIANCE.P($G$3:$G$37,$C$3:$C$37) -> -0.00031558399 | U7: =_xlfn.COVARIANCE.P($G$3:$G$37,$D$3:$D$37) -> -7.3182754e-05 | V7: =_xlfn.COVARIANCE.P($G$3:$G$37,$E$3:$E$37) -> 0.00046758979 | W7: =_xlfn.COVARIANCE.P($G$3:$G$37,$F$3:$F$37) -> 9.7190678e-05 | X7: =_xlfn.COVARIANCE.P($G$3:$G$37,$G$3:$G$37) -> 0.0015934232 | Y7: =_xlfn.COVARIANCE.P($G$3:$G$37,$H$3:$H$37) -> 0.00045438411 | Z7: =_xlfn.COVARIANCE.P($G$3:$G$37,$I$3:$I$37) -> 0.00045943958
A8: 45108 | B8: =(Price!B8/Price!B7)-1 -> 0.032733261 | C8: =(Price!C8/Price!C7)-1 -> -0.052170692 | D8: =(Price!D8/Price!D7)-1 -> 0.061088268 | E8: =(Price!E8/Price!E7)-1 -> -0.028074607 | F8: =(Price!F8/Price!F7)-1 -> 0.00049333991 | G8: =(Price!G8/Price!G7)-1 -> 0.022886633 | H8: =(Price!H8/Price!H7)-1 -> 0.038873039 | I8: =(Price!I8/Price!I7)-1 -> 0.027034483 | J8: =SUMPRODUCT('Model 5'!$B$4:$I$4,B8:I8) -> -0.011604972 | L8: VXUS | M8: =AVERAGE(H$2:H$37) -> 0.0088047363 | N8: =_xlfn.STDEV.S(H$2:H$37) -> 0.03225892 | O8: =MIN(H$2:H$37) -> -0.045049425 | P8: =MAX(H$2:H$37) -> 0.082366589 | R8: VXUS | S8: =_xlfn.COVARIANCE.P($H$3:$H$37,$B$3:$B$37) -> 0.00077961173 | T8: =_xlfn.COVARIANCE.P($H$3:$H$37,$C$3:$C$37) -> 5.9631352e-05 | U8: =_xlfn.COVARIANCE.P($H$3:$H$37,$D$3:$D$37) -> 0.001182007 | V8: =_xlfn.COVARIANCE.P($H$3:$H$37,$E$3:$E$37) -> 0.00092454388 | W8: =_xlfn.COVARIANCE.P($H$3:$H$37,$F$3:$F$37) -> 8.7197036e-05 | X8: =_xlfn.COVARIANCE.P($H$3:$H$37,$G$3:$G$37) -> 0.00045438411 | Y8: =_xlfn.COVARIANCE.P($H$3:$H$37,$H$3:$H$37) -> 0.0010109054 | Z8: =_xlfn.COVARIANCE.P($H$3:$H$37,$I$3:$I$37) -> 0.0010126275
A9: 45139 | B9: =(Price!B9/Price!B8)-1 -> -0.016251993 | C9: =(Price!C9/Price!C8)-1 -> -0.020654813 | D9: =(Price!D9/Price!D8)-1 -> -0.05082784 | E9: =(Price!E9/Price!E8)-1 -> -0.034082959 | F9: =(Price!F9/Price!F8)-1 -> 0.0014792899 | G9: =(Price!G9/Price!G8)-1 -> -0.012777625 | H9: =(Price!H9/Price!H8)-1 -> -0.043940954 | I9: =(Price!I9/Price!I8)-1 -> -0.039349987 | J9: =SUMPRODUCT('Model 5'!$B$4:$I$4,B9:I9) -> -0.012939148 | L9: EFA | M9: =AVERAGE(I$2:I$37) -> 0.0088459481 | N9: =_xlfn.STDEV.S(I$2:I$37) -> 0.0336383 | O9: =MIN(I$2:I$37) -> -0.052732273 | P9: =MAX(I$2:I$37) -> 0.082187687 | R9: EFA | S9: =_xlfn.COVARIANCE.P($I$3:$I$37,$B$3:$B$37) -> 0.00071944171 | T9: =_xlfn.COVARIANCE.P($I$3:$I$37,$C$3:$C$37) -> 6.2435881e-05 | U9: =_xlfn.COVARIANCE.P($I$3:$I$37,$D$3:$D$37) -> 0.0010830808 | V9: =_xlfn.COVARIANCE.P($I$3:$I$37,$E$3:$E$37) -> 0.00092891054 | W9: =_xlfn.COVARIANCE.P($I$3:$I$37,$F$3:$F$37) -> 9.76135e-05 | X9: =_xlfn.COVARIANCE.P($I$3:$I$37,$G$3:$G$37) -> 0.00045943958 | Y9: =_xlfn.COVARIANCE.P($I$3:$I$37,$H$3:$H$37) -> 0.0010126275 | Z9: =_xlfn.COVARIANCE.P($I$3:$I$37,$I$3:$I$37) -> 0.0010992056
A10: 45170 | B10: =(Price!B10/Price!B9)-1 -> -0.050782725 | C10: =(Price!C10/Price!C9)-1 -> 0.10818822 | D10: =(Price!D10/Price!D9)-1 -> -0.062934097 | E10: =(Price!E10/Price!E9)-1 -> -0.082264073 | F10: =(Price!F10/Price!F9)-1 -> -0.003323486 | G10: =(Price!G10/Price!G9)-1 -> -0.047605822 | H10: =(Price!H10/Price!H9)-1 -> -0.039138241 | I10: =(Price!I10/Price!I9)-1 -> -0.036488187 | J10: =SUMPRODUCT('Model 5'!$B$4:$I$4,B10:I10) -> 0.024481281
A11: 45200 | B11: =(Price!B11/Price!B10)-1 -> -0.021708618 | C11: =(Price!C11/Price!C10)-1 -> 0.002854718 | D11: =(Price!D11/Price!D10)-1 -> -0.069141111 | E11: =(Price!E11/Price!E10)-1 -> -0.057616417 | F11: =(Price!F11/Price!F10)-1 -> 0.00074101519 | G11: =(Price!G11/Price!G10)-1 -> 0.073724118 | H11: =(Price!H11/Price!H10)-1 -> -0.033632287 | I11: =(Price!I11/Price!I10)-1 -> -0.029019153 | J11: =SUMPRODUCT('Model 5'!$B$4:$I$4,B11:I11) -> 0.0076070532
A12: 45231 | B12: =(Price!B12/Price!B11)-1 -> 0.091343855 | C12: =(Price!C12/Price!C11)-1 -> 0.050212853 | D12: =(Price!D12/Price!D11)-1 -> 0.092025286 | E12: =(Price!E12/Price!E11)-1 -> 0.095477387 | F12: =(Price!F12/Price!F11)-1 -> 0.0076514871 | G12: =(Price!G12/Price!G11)-1 -> 0.025313705 | H12: =(Price!H12/Price!H11)-1 -> 0.082366589 | I12: =(Price!I12/Price!I11)-1 -> 0.082187687 | J12: =SUMPRODUCT('Model 5'!$B$4:$I$4,B12:I12) -> 0.033657656
A13: 45261 | B13: =(Price!B13/Price!B12)-1 -> 0.041432954 | C13: =(Price!C13/Price!C12)-1 -> 0.01819203 | D13: =(Price!D13/Price!D12)-1 -> 0.11716576 | E13: =(Price!E13/Price!E12)-1 -> 0.079947575 | F13: =(Price!F13/Price!F12)-1 -> 0.004776485 | G13: =(Price!G13/Price!G12)-1 -> 0.012821192 | H13: =(Price!H13/Price!H12)-1 -> 0.035369775 | I13: =(Price!I13/Price!I12)-1 -> 0.040458437 | J13: =SUMPRODUCT('Model 5'!$B$4:$I$4,B13:I13) -> 0.01549823
A14: 45292 | B14: =(Price!B14/Price!B13)-1 -> 0.015926448 | C14: =(Price!C14/Price!C13)-1 -> 0.052833537 | D14: =(Price!D14/Price!D13)-1 -> -0.039011509 | E14: =(Price!E14/Price!E13)-1 -> -0.022451456 | F14: =(Price!F14/Price!F13)-1 -> 0.0031691858 | G14: =(Price!G14/Price!G13)-1 -> -0.014228174 | H14: =(Price!H14/Price!H13)-1 -> -0.017080745 | I14: =(Price!I14/Price!I13)-1 -> -0.004512276 | J14: =SUMPRODUCT('Model 5'!$B$4:$I$4,B14:I14) -> 0.016576041
A15: 45323 | B15: =(Price!B15/Price!B14)-1 -> 0.052186879 | C15: =(Price!C15/Price!C14)-1 -> 0.011412301 | D15: =(Price!D15/Price!D14)-1 -> 0.056252592 | E15: =(Price!E15/Price!E14)-1 -> -0.025656942 | F15: =(Price!F15/Price!F14)-1 -> -0.0068043742 | G15: =(Price!G15/Price!G14)-1 -> 0.0045635447 | H15: =(Price!H15/Price!H14)-1 -> 0.029138143 | I15: =(Price!I15/Price!I14)-1 -> 0.029862685 | J15: =SUMPRODUCT('Model 5'!$B$4:$I$4,B15:I15) -> 0.0050862172
A16: 45352 | B16: =(Price!B16/Price!B15)-1 -> 0.029503228 | C16: =(Price!C16/Price!C15)-1 -> -0.043737754 | D16: =(Price!D16/Price!D15)-1 -> 0.032248564 | E16: =(Price!E16/Price!E15)-1 -> 0.0046719049 | F16: =(Price!F16/Price!F15)-1 -> 0.0004893565 | G16: =(Price!G16/Price!G15)-1 -> 0.086683218 | H16: =(Price!H16/Price!H15)-1 -> 0.028483711 | I16: =(Price!I16/Price!I15)-1 -> 0.033786408 | J16: =SUMPRODUCT('Model 5'!$B$4:$I$4,B16:I16) -> 0.00089450541
A17: 45383 | B17: =(Price!B17/Price!B16)-1 -> -0.040319651 | C17: =(Price!C17/Price!C16)-1 -> 0.06151817 | D17: =(Price!D17/Price!D16)-1 -> -0.068473609 | E17: =(Price!E17/Price!E16)-1 -> -0.067638977 | F17: =(Price!F17/Price!F16)-1 -> -0.007703595 | G17: =(Price!G17/Price!G16)-1 -> 0.029895003 | H17: =(Price!H17/Price!H16)-1 -> -0.023217247 | I17: =(Price!I17/Price!I16)-1 -> -0.032431756 | J17: =SUMPRODUCT('Model 5'!$B$4:$I$4,B17:I17) -> 0.017912925
A18: 45413 | B18: =(Price!B18/Price!B17)-1 -> 0.050579704 | C18: =(Price!C18/Price!C17)-1 -> 0.063011693 | D18: =(Price!D18/Price!D17)-1 -> 0.050382848 | E18: =(Price!E18/Price!E17)-1 -> 0.025277715 | F18: =(Price!F18/Price!F17)-1 -> 0.0039433148 | G18: =(Price!G18/Price!G17)-1 -> 0.016189173 | H18: =(Price!H18/Price!H17)-1 -> 0.040237691 | I18: =(Price!I18/Price!I17)-1 -> 0.050601786 | J18: =SUMPRODUCT('Model 5'!$B$4:$I$4,B18:I18) -> 0.031239616
A19: 45444 | B19: =(Price!B19/Price!B18)-1 -> 0.031951002 | C19: =(Price!C19/Price!C18)-1 -> -0.016781115 | D19: =(Price!D19/Price!D18)-1 -> -0.013996209 | E19: =(Price!E19/Price!E18)-1 -> 0.014704256 | F19: =(Price!F19/Price!F18)-1 -> 0.0022094022 | G19: =(Price!G19/Price!G18)-1 -> -0.0013469577 | H19: =(Price!H19/Price!H18)-1 -> -0.015831565 | I19: =(Price!I19/Price!I18)-1 -> -0.035107169 | J19: =SUMPRODUCT('Model 5'!$B$4:$I$4,B19:I19) -> -0.0086724069
A20: 45474 | B20: =(Price!B20/Price!B19)-1 -> 0.012109074 | C20: =(Price!C20/Price!C19)-1 -> 0.011038699 | D20: =(Price!D20/Price!D19)-1 -> 0.1033565 | E20: =(Price!E20/Price!E19)-1 -> 0.033013728 | F20: =(Price!F20/Price!F19)-1 -> 0.0084507042 | G20: =(Price!G20/Price!G19)-1 -> 0.053671922 | H20: =(Price!H20/Price!H19)-1 -> 0.026202322 | I20: =(Price!I20/Price!I19)-1 -> 0.025915996 | J20: =SUMPRODUCT('Model 5'!$B$4:$I$4,B20:I20) -> 0.018217685
A21: 45505 | B21: =(Price!B21/Price!B20)-1 -> 0.023365589 | C21: =(Price!C21/Price!C20)-1 -> 0.024775862 | D21: =(Price!D21/Price!D20)-1 -> -0.016885553 | E21: =(Price!E21/Price!E20)-1 -> 0.01771965 | F21: =(Price!F21/Price!F20)-1 -> 0.0055865922 | G21: =(Price!G21/Price!G20)-1 -> 0.020922534 | H21: =(Price!H21/Price!H20)-1 -> 0.024078862 | I21: =(Price!I21/Price!I20)-1 -> 0.032603285 | J21: =SUMPRODUCT('Model 5'!$B$4:$I$4,B21:I21) -> 0.017046593
... A37: 45992 | B37: =(Price!B37/Price!B36)-1 -> 0.00073164664 | C37: =(Price!C37/Price!C36)-1 -> 0.006895438 | D37: =(Price!D37/Price!D36)-1 -> 0.0035376884 | E37: =(Price!E37/Price!E36)-1 -> -0.012748032 | F37: =(Price!F37/Price!F36)-1 -> -0.0026480501 | G37: =(Price!G37/Price!G36)-1 -> -0.0025781169 | H37: =(Price!H37/Price!H36)-1 -> 0.0017347211 | I37: =(Price!I37/Price!I36)-1 -> 0.0037819099 | J37: =SUMPRODUCT('Model 5'!$B$4:$I$4,B37:I37) -> 0.0012701794

Sheet Model 1
A1: Model 1 – Max Expected Return (Risk-Constrained LP)
A3: ETF | B3: SPY | C3: QQQ | D3: IWM | E3: TLT | F3: SHY | G3: GLD | H3: VXUS | I3: EFA | K3: This model simply allocates the same weight to every ETF.
A4: Weight | B4: 0.2 | C4: 0.4 | D4: 0 | E4: 0 | F4: 0 | G4: 0.4 | H4: 0 | I4: 0 | K4: It gives a balanced exposure across all asset classes without making any assumptions about return or risk.
K5: It serves as a baseline portfolio to compare against more optimized approaches.
A6: =Returns!$M$1 -> Avg Return | B6: =Returns!$M$2 -> 0.015533413 | C6: =Returns!$M$3 -> 0.019973903 | D6: =Returns!$M$4 -> 0.009139896 | E6: =Returns!$M$5 -> -0.0044725751 | F6: =Returns!$M$6 -> 0.0003822344 | G6: =Returns!$M$7 -> 0.022972145 | H6: =Returns!$M$8 -> 0.0088047363 | I6: =Returns!$M$9 -> 0.0088459481
A7: =Returns!$N$1 -> Std Dev | B7: =Returns!$N$2 -> 0.034051553 | C7: =Returns!$N$3 -> 0.041330574 | D7: =Returns!$N$4 -> 0.056590919 | E7: =Returns!$N$5 -> 0.040650619 | F7: =Returns!$N$6 -> 0.0054280514 | G7: =Returns!$N$7 -> 0.040500476 | H7: =Returns!$N$8 -> 0.03225892 | I7: =Returns!$N$9 -> 0.0336383
A9: Portfolio Return | B9: =SUMPRODUCT(B4:I4,B6:I6) -> 0.020285102
A10: Portfolio Risk | B10: =SUMPRODUCT(B4:I4,B7:I7) -> 0.03954273
A11: Sum of Weights | B11: =SUM(B4:I4) -> 1
A13: Risk Limit (R_max) | B13: 0.04

Sheet Model 2
A1: Model 2 – Minimize Risk (Return-Constrained LP)
L2: This model focuses only on choosing the portfolio with the highest expected return.
A3: ETF | B3: SPY | C3: QQQ | D3: IWM | E3: TLT | F3: SHY | G3: GLD | H3: VXUS | I3: EFA | L3: Because risk is not restricted, the solution concentrates in the assets with the strongest average performance.
A4: Weight | B4: 0.26028369 | C4: 0 | D4: 0 | E4: 0 | F4: 0.4 | G4: 0.33971631 | H4: 0 | I4: 0 | L4: It provides the most aggressive allocation but also comes with higher volatility.
A6: =Returns!$M$1 -> Avg Return | B6: =Returns!$M$2 -> 0.015533413 | C6: =Returns!$M$3 -> 0.019973903 | D6: =Returns!$M$4 -> 0.009139896 | E6: =Returns!$M$5 -> -0.0044725751 | F6: =Returns!$M$6 -> 0.0003822344 | G6: =Returns!$M$7 -> 0.022972145 | H6: =Returns!$M$8 -> 0.0088047363 | I6: =Returns!$M$9 -> 0.0088459481
A7: =Returns!$N$1 -> Std Dev | B7: =Returns!$N$2 -> 0.034051553 | C7: =Returns!$N$3 -> 0.041330574 | D7: =Returns!$N$4 -> 0.056590919 | E7: =Returns!$N$5 -> 0.040650619 | F7: =Returns!$N$6 -> 0.0054280514 | G7: =Returns!$N$7 -> 0.040500476 | H7: =Returns!$N$8 -> 0.03225892 | I7: =Returns!$N$9 -> 0.0336383
A9: Portfolio Return | B9: =SUMPRODUCT(B4:I4,B6:I6) -> 0.012
A10: Portfolio Risk | B10: =SUMPRODUCT(B4:I4,B7:I7) -> 0.024792957
A11: Sum of Weights | B11: =SUM(B4:I4) -> 1
A13: Minimum Return (R_min) | B13: 0.01
A14: Target Return | B14: 0.012

Sheet Model 3
A1: Model 3 – Mean-Variance Tradeoff Optimization
A3: ETF | B3: SPY | C3: QQQ | D3: IWM | E3: TLT | F3: SHY | G3: GLD | H3: VXUS | I3: EFA | K3: This model balances return and risk using a λ (lambda) value to control risk aversion.
A4: Weight | B4: 0.2 | C4: 0 | D4: 0 | E4: 0 | F4: 0.4 | G4: 0.4 | H4: 0 | I4: 0 | K4: It finds the mix of assets that offers the best tradeoff between higher returns and lower volatility.
K5: The resulting allocation is more diversified than Model 2 and less volatile.
A6: =Returns!$M$1 -> Avg Return | B6: =Returns!$M$2 -> 0.015533413 | C6: =Returns!$M$3 -> 0.019973903 | D6: =Returns!$M$4 -> 0.009139896 | E6: =Returns!$M$5 -> -0.0044725751 | F6: =Returns!$M$6 -> 0.0003822344 | G6: =Returns!$M$7 -> 0.022972145 | H6: =Returns!$M$8 -> 0.0088047363 | I6: =Returns!$M$9 -> 0.0088459481
A7: =Returns!$N$1 -> Std Dev | B7: =Returns!$N$2 -> 0.034051553 | C7: =Returns!$N$3 -> 0.041330574 | D7: =Returns!$N$4 -> 0.056590919 | E7: =Returns!$N$5 -> 0.040650619 | F7: =Returns!$N$6 -> 0.0054280514 | G7: =Returns!$N$7 -> 0.040500476 | H7: =Returns!$N$8 -> 0.03225892 | I7: =Returns!$N$9 -> 0.0336383
A9: Portfolio Return | B9: =SUMPRODUCT(B4:I4,B6:I6) -> 0.012448434
A10: Portfolio Risk | B10: =SUMPRODUCT(B4:I4,B7:I7) -> 0.025181721
A11: Sum of Weights | B11: =SUM(B4:I4) -> 1
A12: Lambda | B12: 0.5
A13: Objective | B13: =(B12*B9)-((1-B12)*B10) -> -0.0063666436

Sheet Model 4
A2: Model 4 - Nonlinear Mean-Variance Portfolio (Quadratic Risk Min)
A4: ETF | B4: SPY | C4: QQQ | D4: IWM | E4: TLT | F4: SHY | G4: GLD | H4: VXUS | I4: EFA | K4: This model minimizes the total portfolio variance while still requiring weights to sum to 1.
A5: Weight | B5: 0.20875447 | C5: 0.18496613 | D5: 0 | E5: 0 | F5: 0.4 | G5: 0.20334254 | H5: 0 | I5: 0.0029368568 | K5: It produces a very conservative portfolio that prioritizes stability over growth.
K6: The allocation typically leans toward lower-volatility ETFs and avoids concentrated positions.
A7: =Returns!$M$1 -> Avg Return | B7: =Returns!$M$2 -> 0.015533413 | C7: =Returns!$M$3 -> 0.019973903 | D7: =Returns!$M$4 -> 0.009139896 | E7: =Returns!$M$5 -> -0.0044725751 | F7: =Returns!$M$6 -> 0.0003822344 | G7: =Returns!$M$7 -> 0.022972145 | H7: =Returns!$M$8 -> 0.0088047363 | I7: =Returns!$M$9 -> 0.0088459481
A8: =Returns!$N$1 -> Std Dev | B8: =Returns!$N$2 -> 0.034051553 | C8: =Returns!$N$3 -> 0.041330574 | D8: =Returns!$N$4 -> 0.056590919 | E8: =Returns!$N$5 -> 0.040650619 | F8: =Returns!$N$6 -> 0.0054280514 | G8: =Returns!$N$7 -> 0.040500476 | H8: =Returns!$N$8 -> 0.03225892 | I8: =Returns!$N$9 -> 0.0336383
A10: Portfolio Variance | B10: {=MMULT(B5:I5,MMULT(Returns!S2:Z9,TRANSPOSE(B5:I5)))} -> 0.00019437463
A11: Portfolio Std Dev | B11: =SQRT(B10) -> 0.01394183
A12: Portfolio Return | B12: =SUMPRODUCT(B5:I5,B7:I7) -> 0.011787252
A13: Sum of Weights | B13: =SUM(B5:I5) -> 1
A14: Minimum Return (R_min) | B14: 0.01

Sheet Model 5
A1: Model 5 -Maximize Worst-Case Monthly Returns (Maximin)
A3: ETF | B3: SPY | C3: QQQ | D3: IWM | E3: TLT | F3: SHY | G3: GLD | H3: VXUS | I3: EFA | K3: This model chooses weights that make the worst historical month as good as possible.
A4: Weight | B4: 0 | C4: 0.34400824 | D4: 0.0065099449 | E4: 0.0077070649 | F4: 0.4 | G4: 0.13859491 | H4: 0.0001813583 | I4: 0.10299849 | K4: It focuses on downside protection by limiting how severe the worst monthly loss can be.
K5: The result is a defensive portfolio that sacrifices some return to improve the minimum monthly performance.
A6: =Returns!$M$1 -> Avg Return | B6: =Returns!$M$2 -> 0.015533413 | C6: =Returns!$M$3 -> 0.019973903 | D6: =Returns!$M$4 -> 0.009139896 | E6: =Returns!$M$5 -> -0.0044725751 | F6: =Returns!$M$6 -> 0.0003822344 | G6: =Returns!$M$7 -> 0.022972145 | H6: =Returns!$M$8 -> 0.0088047363 | I6: =Returns!$M$9 -> 0.0088459481
A7: =Returns!$N$1 -> Std Dev | B7: =Returns!$N$2 -> 0.034051553 | C7: =Returns!$N$3 -> 0.041330574 | D7: =Returns!$N$4 -> 0.056590919 | E7: =Returns!$N$5 -> 0.040650619 | F7: =Returns!$N$6 -> 0.0054280514 | G7: =Returns!$N$7 -> 0.040500476 | H7: =Returns!$N$8 -> 0.03225892 | I7: =Returns!$N$9 -> 0.0336383
A9: Portfolio Avg Return | B9: =SUMPRODUCT(B4:I4,B6:I6) -> 0.011145649
A10: Sum of Weights | B10: =SUM(B4:I4) -> 1
A12: Worst-Case Monthly Return (z) | B12: =MIN(Returns!J3:J37) -> -0.013332437

Sheet Blended Portfolio
A1: ETF | B1: Weight | C1: Expected Return | D1: Contribution | E1: Std Dev | F1: Risk Contribution
A2: SPY | B2: 0.15 | C2: =Returns!M2 -> 0.015533413 | D2: =B2*C2 -> 0.0023300119 | E2: =Returns!N2 -> 0.034051553 | F2: =B2*E2 -> 0.0051077329 | J2: We didn’t re-optimize this portfolio. We blended the dominant allocations from Models 2, 3, and 4 to create a realistic recommendation for a moderate-risk client, then calculated the expected return and risk using the same inputs as the earlier models.
A3: QQQ | B3: 0.14 | C3: =Returns!M3 -> 0.019973903 | D3: =B3*C3 -> 0.0027963465 | E3: =Returns!N3 -> 0.041330574 | F3: =B3*E3 -> 0.0057862803
A4: IWM | B4: 0 | C4: =Returns!M4 -> 0.009139896 | D4: =B4*C4 -> 0 | E4: =Returns!N4 -> 0.056590919 | F4: =B4*E4 -> 0
A5: TLT | B5: 0 | C5: =Returns!M5 -> -0.0044725751 | D5: =B5*C5 -> 0 | E5: =Returns!N5 -> 0.040650619 | F5: =B5*E5 -> 0
A6: SHY | B6: 0.4 | C6: =Returns!M6 -> 0.0003822344 | D6: =B6*C6 -> 0.00015289376 | E6: =Returns!N6 -> 0.0054280514 | F6: =B6*E6 -> 0.0021712206
A7: GLD | B7: 0.31 | C7: =Returns!M7 -> 0.022972145 | D7: =B7*C7 -> 0.0071213649 | E7: =Returns!N7 -> 0.040500476 | F7: =B7*E7 -> 0.012555148
A8: VXUS | B8: 0 | C8: =Returns!M8 -> 0.0088047363 | D8: =B8*C8 -> 0 | E8: =Returns!N8 -> 0.03225892 | F8: =B8*E8 -> 0
A9: EFA | B9: 0 | C9: =Returns!M9 -> 0.0088459481 | D9: =B9*C9 -> 0 | E9: =Returns!N9 -> 0.0336383 | F9: =B9*E9 -> 0
B10: =SUM(B2:B9) -> 1 | D10: =SUM(D2:D9) -> 0.012400617 | F10: =SUM(F2:F9) -> 0.025620381
D11: Expected Monthly Portfolio Return | F11: Portfolio Risk (Linear)
